{
  "topology": {
    "-xmlns": "urn:TBD:params:xml:ns:yang:network-topology",
    "topology-id": "example-linkstate-topology",
    "link": [
      {
        "link-id": "bgpls://IsisLevel2:0/type=link&local-as=65504&local-domain=505290270&local-router=0000.0000.0027&remote-as=65504&remote-domain=505290270&remote-router=0000.0000.0021&ipv4-iface=45.0.0.27&ipv4-neigh=45.0.0.21",
        "destination": {
          "dest-node": "bgpls://IsisLevel2:0/type=node&as=65504&domain=505290270&router=0000.0000.0021",
          "dest-tp": "bgpls://IsisLevel2:0/type=tp&ipv4=45.0.0.21"
        },
        "igp-link-attributes": {
          "-xmlns": "urn:TBD:params:xml:ns:yang:nt:l3-unicast-igp-topology",
          "isis-link-attributes": {
            "-xmlns": "urn:TBD:params:xml:ns:yang:network:isis-topology",
            "ted": {
              "max-link-bandwidth": "1250000.0",
              "unreserved-bandwidth": [
                {
                  "priority": "7",
                  "bandwidth": "12500.0"
                },
                {
                  "priority": "6",
                  "bandwidth": "12500.0"
                },
                {
                  "priority": "3",
                  "bandwidth": "12500.0"
                },
                {
                  "priority": "2",
                  "bandwidth": "12500.0"
                },
                {
                  "priority": "5",
                  "bandwidth": "12500.0"
                },
                {
                  "priority": "4",
                  "bandwidth": "12500.0"
                },
                {
                  "priority": "1",
                  "bandwidth": "12500.0"
                },
                {
                  "priority": "0",
                  "bandwidth": "12500.0"
                }
              ],
              "max-resv-link-bandwidth": "12500.0",
              "te-default-metric": "10",
              "color": "0"
            }
          },
          "metric": "10"
        },
        "source": {
          "source-tp": "bgpls://IsisLevel2:0/type=tp&ipv4=45.0.0.27",
          "source-node": "bgpls://IsisLevel2:0/type=node&as=65504&domain=505290270&router=0000.0000.0027"
        }
      },
      {
        "link-id": "bgpls://IsisLevel2:0/type=link&local-as=65504&local-domain=505290270&local-router=0000.0000.0021&remote-as=65504&remote-domain=505290270&remote-router=0000.0000.0022&ipv4-iface=58.0.0.21&ipv4-neigh=58.0.0.22",
        "destination": {
          "dest-node": "bgpls://IsisLevel2:0/type=node&as=65504&domain=505290270&router=0000.0000.0022",
          "dest-tp": "bgpls://IsisLevel2:0/type=tp&ipv4=58.0.0.22"
        },
        "igp-link-attributes": {
          "-xmlns": "urn:TBD:params:xml:ns:yang:nt:l3-unicast-igp-topology",
          "isis-link-attributes": {
            "-xmlns": "urn:TBD:params:xml:ns:yang:network:isis-topology",
            "ted": {
              "max-link-bandwidth": "1.25E+8",
              "unreserved-bandwidth": [
                {
                  "priority": "7",
                  "bandwidth": "12500.0"
                },
                {
                  "priority": "6",
                  "bandwidth": "12500.0"
                },
                {
                  "priority": "3",
                  "bandwidth": "12500.0"
                },
                {
                  "priority": "2",
                  "bandwidth": "12500.0"
                },
                {
                  "priority": "5",
                  "bandwidth": "12500.0"
                },
                {
                  "priority": "4",
                  "bandwidth": "12500.0"
                },
                {
                  "priority": "1",
                  "bandwidth": "12500.0"
                },
                {
                  "priority": "0",
                  "bandwidth": "12500.0"
                }
              ],
              "max-resv-link-bandwidth": "12500.0",
              "te-default-metric": "10",
              "color": "0"
            }
          },
          "metric": "10"
        },
        "source": {
          "source-tp": "bgpls://IsisLevel2:0/type=tp&ipv4=58.0.0.21",
          "source-node": "bgpls://IsisLevel2:0/type=node&as=65504&domain=505290270&router=0000.0000.0021"
        }
      },
      {
        "link-id": "bgpls://IsisLevel2:0/type=link&local-as=65504&local-domain=505290270&local-router=0000.0000.0028&remote-as=65504&remote-domain=505290270&remote-router=0000.0000.0024&ipv4-iface=51.0.0.28&ipv4-neigh=51.0.0.24",
        "destination": {
          "dest-node": "bgpls://IsisLevel2:0/type=node&as=65504&domain=505290270&router=0000.0000.0024",
          "dest-tp": "bgpls://IsisLevel2:0/type=tp&ipv4=51.0.0.24"
        },
        "igp-link-attributes": {
          "-xmlns": "urn:TBD:params:xml:ns:yang:nt:l3-unicast-igp-topology",
          "isis-link-attributes": {
            "-xmlns": "urn:TBD:params:xml:ns:yang:network:isis-topology",
            "ted": {
              "max-link-bandwidth": "1250000.0",
              "unreserved-bandwidth": [
                {
                  "priority": "7",
                  "bandwidth": "12500.0"
                },
                {
                  "priority": "6",
                  "bandwidth": "12500.0"
                },
                {
                  "priority": "3",
                  "bandwidth": "12500.0"
                },
                {
                  "priority": "2",
                  "bandwidth": "12500.0"
                },
                {
                  "priority": "5",
                  "bandwidth": "12500.0"
                },
                {
                  "priority": "4",
                  "bandwidth": "12500.0"
                },
                {
                  "priority": "1",
                  "bandwidth": "12500.0"
                },
                {
                  "priority": "0",
                  "bandwidth": "12500.0"
                }
              ],
              "max-resv-link-bandwidth": "12500.0",
              "te-default-metric": "10",
              "color": "0"
            }
          },
          "metric": "10"
        },
        "source": {
          "source-tp": "bgpls://IsisLevel2:0/type=tp&ipv4=51.0.0.28",
          "source-node": "bgpls://IsisLevel2:0/type=node&as=65504&domain=505290270&router=0000.0000.0028"
        }
      },
      {
        "link-id": "bgpls://IsisLevel2:0/type=link&local-as=65504&local-domain=505290270&local-router=0000.0000.0021&remote-as=65504&remote-domain=505290270&remote-router=0000.0000.0024&ipv4-iface=44.0.0.21&ipv4-neigh=44.0.0.24",
        "destination": {
          "dest-node": "bgpls://IsisLevel2:0/type=node&as=65504&domain=505290270&router=0000.0000.0024",
          "dest-tp": "bgpls://IsisLevel2:0/type=tp&ipv4=44.0.0.24"
        },
        "igp-link-attributes": {
          "-xmlns": "urn:TBD:params:xml:ns:yang:nt:l3-unicast-igp-topology",
          "isis-link-attributes": {
            "-xmlns": "urn:TBD:params:xml:ns:yang:network:isis-topology",
            "ted": {
              "max-link-bandwidth": "1250000.0",
              "unreserved-bandwidth": [
                {
                  "priority": "7",
                  "bandwidth": "12500.0"
                },
                {
                  "priority": "6",
                  "bandwidth": "12500.0"
                },
                {
                  "priority": "3",
                  "bandwidth": "12500.0"
                },
                {
                  "priority": "2",
                  "bandwidth": "12500.0"
                },
                {
                  "priority": "5",
                  "bandwidth": "12500.0"
                },
                {
                  "priority": "4",
                  "bandwidth": "12500.0"
                },
                {
                  "priority": "1",
                  "bandwidth": "12500.0"
                },
                {
                  "priority": "0",
                  "bandwidth": "12500.0"
                }
              ],
              "max-resv-link-bandwidth": "12500.0",
              "te-default-metric": "10",
              "color": "0"
            }
          },
          "metric": "10"
        },
        "source": {
          "source-tp": "bgpls://IsisLevel2:0/type=tp&ipv4=44.0.0.21",
          "source-node": "bgpls://IsisLevel2:0/type=node&as=65504&domain=505290270&router=0000.0000.0021"
        }
      },
      {
        "link-id": "bgpls://IsisLevel2:0/type=link&local-as=65504&local-domain=505290270&local-router=0000.0000.0022&remote-as=65504&remote-domain=505290270&remote-router=0000.0000.0030&ipv4-iface=49.0.0.22&ipv4-neigh=49.0.0.30",
        "destination": {
          "dest-node": "bgpls://IsisLevel2:0/type=node&as=65504&domain=505290270&router=0000.0000.0030",
          "dest-tp": "bgpls://IsisLevel2:0/type=tp&ipv4=49.0.0.30"
        },
        "igp-link-attributes": {
          "-xmlns": "urn:TBD:params:xml:ns:yang:nt:l3-unicast-igp-topology",
          "isis-link-attributes": {
            "-xmlns": "urn:TBD:params:xml:ns:yang:network:isis-topology",
            "ted": {
              "max-link-bandwidth": "1250000.0",
              "unreserved-bandwidth": [
                {
                  "priority": "7",
                  "bandwidth": "12500.0"
                },
                {
                  "priority": "6",
                  "bandwidth": "12500.0"
                },
                {
                  "priority": "3",
                  "bandwidth": "12500.0"
                },
                {
                  "priority": "2",
                  "bandwidth": "12500.0"
                },
                {
                  "priority": "5",
                  "bandwidth": "12500.0"
                },
                {
                  "priority": "4",
                  "bandwidth": "12500.0"
                },
                {
                  "priority": "1",
                  "bandwidth": "12500.0"
                },
                {
                  "priority": "0",
                  "bandwidth": "12500.0"
                }
              ],
              "max-resv-link-bandwidth": "12500.0",
              "te-default-metric": "300",
              "color": "0"
            }
          },
          "metric": "300"
        },
        "source": {
          "source-tp": "bgpls://IsisLevel2:0/type=tp&ipv4=49.0.0.22",
          "source-node": "bgpls://IsisLevel2:0/type=node&as=65504&domain=505290270&router=0000.0000.0022"
        }
      },
      {
        "link-id": "bgpls://IsisLevel2:0/type=link&local-as=65504&local-domain=505290270&local-router=0000.0000.0022&remote-as=65504&remote-domain=505290270&remote-router=0000.0000.0021&ipv4-iface=58.0.0.22&ipv4-neigh=58.0.0.21",
        "destination": {
          "dest-node": "bgpls://IsisLevel2:0/type=node&as=65504&domain=505290270&router=0000.0000.0021",
          "dest-tp": "bgpls://IsisLevel2:0/type=tp&ipv4=58.0.0.21"
        },
        "igp-link-attributes": {
          "-xmlns": "urn:TBD:params:xml:ns:yang:nt:l3-unicast-igp-topology",
          "isis-link-attributes": {
            "-xmlns": "urn:TBD:params:xml:ns:yang:network:isis-topology",
            "ted": {
              "max-link-bandwidth": "1.25E+8",
              "unreserved-bandwidth": [
                {
                  "priority": "7",
                  "bandwidth": "12500.0"
                },
                {
                  "priority": "6",
                  "bandwidth": "12500.0"
                },
                {
                  "priority": "3",
                  "bandwidth": "12500.0"
                },
                {
                  "priority": "2",
                  "bandwidth": "12500.0"
                },
                {
                  "priority": "5",
                  "bandwidth": "12500.0"
                },
                {
                  "priority": "4",
                  "bandwidth": "12500.0"
                },
                {
                  "priority": "1",
                  "bandwidth": "12500.0"
                },
                {
                  "priority": "0",
                  "bandwidth": "12500.0"
                }
              ],
              "max-resv-link-bandwidth": "12500.0",
              "te-default-metric": "10",
              "color": "0"
            }
          },
          "metric": "10"
        },
        "source": {
          "source-tp": "bgpls://IsisLevel2:0/type=tp&ipv4=58.0.0.22",
          "source-node": "bgpls://IsisLevel2:0/type=node&as=65504&domain=505290270&router=0000.0000.0022"
        }
      },
      {
        "link-id": "bgpls://IsisLevel2:0/type=link&local-as=65504&local-domain=505290270&local-router=0000.0000.0022&remote-as=65504&remote-domain=505290270&remote-router=0000.0000.0027&ipv4-iface=48.0.0.22&ipv4-neigh=48.0.0.27",
        "destination": {
          "dest-node": "bgpls://IsisLevel2:0/type=node&as=65504&domain=505290270&router=0000.0000.0027",
          "dest-tp": "bgpls://IsisLevel2:0/type=tp&ipv4=48.0.0.27"
        },
        "igp-link-attributes": {
          "-xmlns": "urn:TBD:params:xml:ns:yang:nt:l3-unicast-igp-topology",
          "isis-link-attributes": {
            "-xmlns": "urn:TBD:params:xml:ns:yang:network:isis-topology",
            "ted": {
              "max-link-bandwidth": "1250000.0",
              "unreserved-bandwidth": [
                {
                  "priority": "7",
                  "bandwidth": "12500.0"
                },
                {
                  "priority": "6",
                  "bandwidth": "12500.0"
                },
                {
                  "priority": "3",
                  "bandwidth": "12500.0"
                },
                {
                  "priority": "2",
                  "bandwidth": "12500.0"
                },
                {
                  "priority": "5",
                  "bandwidth": "12500.0"
                },
                {
                  "priority": "4",
                  "bandwidth": "12500.0"
                },
                {
                  "priority": "1",
                  "bandwidth": "12500.0"
                },
                {
                  "priority": "0",
                  "bandwidth": "12500.0"
                }
              ],
              "max-resv-link-bandwidth": "12500.0",
              "te-default-metric": "10",
              "color": "0"
            }
          },
          "metric": "10"
        },
        "source": {
          "source-tp": "bgpls://IsisLevel2:0/type=tp&ipv4=48.0.0.22",
          "source-node": "bgpls://IsisLevel2:0/type=node&as=65504&domain=505290270&router=0000.0000.0022"
        }
      },
      {
        "link-id": "bgpls://IsisLevel2:0/type=link&local-as=65504&local-domain=505290270&local-router=0000.0000.0024&remote-as=65504&remote-domain=505290270&remote-router=0000.0000.0028&ipv4-iface=51.0.0.24&ipv4-neigh=51.0.0.28",
        "destination": {
          "dest-node": "bgpls://IsisLevel2:0/type=node&as=65504&domain=505290270&router=0000.0000.0028",
          "dest-tp": "bgpls://IsisLevel2:0/type=tp&ipv4=51.0.0.28"
        },
        "igp-link-attributes": {
          "-xmlns": "urn:TBD:params:xml:ns:yang:nt:l3-unicast-igp-topology",
          "isis-link-attributes": {
            "-xmlns": "urn:TBD:params:xml:ns:yang:network:isis-topology",
            "ted": {
              "max-link-bandwidth": "1250000.0",
              "unreserved-bandwidth": [
                {
                  "priority": "7",
                  "bandwidth": "12500.0"
                },
                {
                  "priority": "6",
                  "bandwidth": "12500.0"
                },
                {
                  "priority": "3",
                  "bandwidth": "12500.0"
                },
                {
                  "priority": "2",
                  "bandwidth": "12500.0"
                },
                {
                  "priority": "5",
                  "bandwidth": "12500.0"
                },
                {
                  "priority": "4",
                  "bandwidth": "12500.0"
                },
                {
                  "priority": "1",
                  "bandwidth": "12500.0"
                },
                {
                  "priority": "0",
                  "bandwidth": "12500.0"
                }
              ],
              "max-resv-link-bandwidth": "12500.0",
              "te-default-metric": "10",
              "color": "0"
            }
          },
          "metric": "10"
        },
        "source": {
          "source-tp": "bgpls://IsisLevel2:0/type=tp&ipv4=51.0.0.24",
          "source-node": "bgpls://IsisLevel2:0/type=node&as=65504&domain=505290270&router=0000.0000.0024"
        }
      },
      {
        "link-id": "bgpls://IsisLevel2:0/type=link&local-as=65504&local-domain=505290270&local-router=0000.0000.0030&remote-as=65504&remote-domain=505290270&remote-router=0000.0000.0022&ipv4-iface=49.0.0.30&ipv4-neigh=49.0.0.22",
        "destination": {
          "dest-node": "bgpls://IsisLevel2:0/type=node&as=65504&domain=505290270&router=0000.0000.0022",
          "dest-tp": "bgpls://IsisLevel2:0/type=tp&ipv4=49.0.0.22"
        },
        "igp-link-attributes": {
          "-xmlns": "urn:TBD:params:xml:ns:yang:nt:l3-unicast-igp-topology",
          "isis-link-attributes": {
            "-xmlns": "urn:TBD:params:xml:ns:yang:network:isis-topology",
            "ted": {
              "max-link-bandwidth": "1250000.0",
              "unreserved-bandwidth": [
                {
                  "priority": "7",
                  "bandwidth": "12500.0"
                },
                {
                  "priority": "6",
                  "bandwidth": "12500.0"
                },
                {
                  "priority": "3",
                  "bandwidth": "12500.0"
                },
                {
                  "priority": "2",
                  "bandwidth": "12500.0"
                },
                {
                  "priority": "5",
                  "bandwidth": "12500.0"
                },
                {
                  "priority": "4",
                  "bandwidth": "12500.0"
                },
                {
                  "priority": "1",
                  "bandwidth": "12500.0"
                },
                {
                  "priority": "0",
                  "bandwidth": "12500.0"
                }
              ],
              "max-resv-link-bandwidth": "12500.0",
              "te-default-metric": "300",
              "color": "0"
            }
          },
          "metric": "300"
        },
        "source": {
          "source-tp": "bgpls://IsisLevel2:0/type=tp&ipv4=49.0.0.30",
          "source-node": "bgpls://IsisLevel2:0/type=node&as=65504&domain=505290270&router=0000.0000.0030"
        }
      },
      {
        "link-id": "bgpls://IsisLevel2:0/type=link&local-as=65504&local-domain=505290270&local-router=0000.0000.0030&remote-as=65504&remote-domain=505290270&remote-router=0000.0000.0021&ipv4-iface=46.0.0.30&ipv4-neigh=46.0.0.21",
        "destination": {
          "dest-node": "bgpls://IsisLevel2:0/type=node&as=65504&domain=505290270&router=0000.0000.0021",
          "dest-tp": "bgpls://IsisLevel2:0/type=tp&ipv4=46.0.0.21"
        },
        "igp-link-attributes": {
          "-xmlns": "urn:TBD:params:xml:ns:yang:nt:l3-unicast-igp-topology",
          "isis-link-attributes": {
            "-xmlns": "urn:TBD:params:xml:ns:yang:network:isis-topology",
            "ted": {
              "max-link-bandwidth": "1250000.0",
              "unreserved-bandwidth": [
                {
                  "priority": "7",
                  "bandwidth": "12500.0"
                },
                {
                  "priority": "6",
                  "bandwidth": "12500.0"
                },
                {
                  "priority": "3",
                  "bandwidth": "12500.0"
                },
                {
                  "priority": "2",
                  "bandwidth": "12500.0"
                },
                {
                  "priority": "5",
                  "bandwidth": "12500.0"
                },
                {
                  "priority": "4",
                  "bandwidth": "12500.0"
                },
                {
                  "priority": "1",
                  "bandwidth": "12500.0"
                },
                {
                  "priority": "0",
                  "bandwidth": "12500.0"
                }
              ],
              "max-resv-link-bandwidth": "12500.0",
              "te-default-metric": "200",
              "color": "0"
            }
          },
          "metric": "200"
        },
        "source": {
          "source-tp": "bgpls://IsisLevel2:0/type=tp&ipv4=46.0.0.30",
          "source-node": "bgpls://IsisLevel2:0/type=node&as=65504&domain=505290270&router=0000.0000.0030"
        }
      },
      {
        "link-id": "bgpls://IsisLevel2:0/type=link&local-as=65504&local-domain=505290270&local-router=0000.0000.0029&remote-as=65504&remote-domain=505290270&remote-router=0000.0000.0026&ipv4-iface=54.0.0.29&ipv4-neigh=54.0.0.26",
        "destination": {
          "dest-node": "bgpls://IsisLevel2:0/type=node&as=65504&domain=505290270&router=0000.0000.0026",
          "dest-tp": "bgpls://IsisLevel2:0/type=tp&ipv4=54.0.0.26"
        },
        "igp-link-attributes": {
          "-xmlns": "urn:TBD:params:xml:ns:yang:nt:l3-unicast-igp-topology",
          "isis-link-attributes": {
            "-xmlns": "urn:TBD:params:xml:ns:yang:network:isis-topology",
            "ted": {
              "max-link-bandwidth": "1250000.0",
              "unreserved-bandwidth": [
                {
                  "priority": "7",
                  "bandwidth": "12500.0"
                },
                {
                  "priority": "6",
                  "bandwidth": "12500.0"
                },
                {
                  "priority": "3",
                  "bandwidth": "12500.0"
                },
                {
                  "priority": "2",
                  "bandwidth": "12500.0"
                },
                {
                  "priority": "5",
                  "bandwidth": "12500.0"
                },
                {
                  "priority": "4",
                  "bandwidth": "12500.0"
                },
                {
                  "priority": "1",
                  "bandwidth": "12500.0"
                },
                {
                  "priority": "0",
                  "bandwidth": "12500.0"
                }
              ],
              "max-resv-link-bandwidth": "12500.0",
              "te-default-metric": "10",
              "color": "0"
            }
          },
          "metric": "10"
        },
        "source": {
          "source-tp": "bgpls://IsisLevel2:0/type=tp&ipv4=54.0.0.29",
          "source-node": "bgpls://IsisLevel2:0/type=node&as=65504&domain=505290270&router=0000.0000.0029"
        }
      },
      {
        "link-id": "bgpls://IsisLevel2:0/type=link&local-as=65504&local-domain=505290270&local-router=0000.0000.0021&remote-as=65504&remote-domain=505290270&remote-router=0000.0000.0030&ipv4-iface=46.0.0.21&ipv4-neigh=46.0.0.30",
        "destination": {
          "dest-node": "bgpls://IsisLevel2:0/type=node&as=65504&domain=505290270&router=0000.0000.0030",
          "dest-tp": "bgpls://IsisLevel2:0/type=tp&ipv4=46.0.0.30"
        },
        "igp-link-attributes": {
          "-xmlns": "urn:TBD:params:xml:ns:yang:nt:l3-unicast-igp-topology",
          "isis-link-attributes": {
            "-xmlns": "urn:TBD:params:xml:ns:yang:network:isis-topology",
            "ted": {
              "max-link-bandwidth": "1250000.0",
              "unreserved-bandwidth": [
                {
                  "priority": "7",
                  "bandwidth": "12500.0"
                },
                {
                  "priority": "6",
                  "bandwidth": "12500.0"
                },
                {
                  "priority": "3",
                  "bandwidth": "12500.0"
                },
                {
                  "priority": "2",
                  "bandwidth": "12500.0"
                },
                {
                  "priority": "5",
                  "bandwidth": "12500.0"
                },
                {
                  "priority": "4",
                  "bandwidth": "12500.0"
                },
                {
                  "priority": "1",
                  "bandwidth": "12500.0"
                },
                {
                  "priority": "0",
                  "bandwidth": "12500.0"
                }
              ],
              "max-resv-link-bandwidth": "12500.0",
              "te-default-metric": "200",
              "color": "0"
            }
          },
          "metric": "200"
        },
        "source": {
          "source-tp": "bgpls://IsisLevel2:0/type=tp&ipv4=46.0.0.21",
          "source-node": "bgpls://IsisLevel2:0/type=node&as=65504&domain=505290270&router=0000.0000.0021"
        }
      },
      {
        "link-id": "bgpls://IsisLevel2:0/type=link&local-as=65504&local-domain=505290270&local-router=0000.0000.0026&remote-as=65504&remote-domain=505290270&remote-router=0000.0000.0028&ipv4-iface=53.0.0.26&ipv4-neigh=53.0.0.28",
        "destination": {
          "dest-node": "bgpls://IsisLevel2:0/type=node&as=65504&domain=505290270&router=0000.0000.0028",
          "dest-tp": "bgpls://IsisLevel2:0/type=tp&ipv4=53.0.0.28"
        },
        "igp-link-attributes": {
          "-xmlns": "urn:TBD:params:xml:ns:yang:nt:l3-unicast-igp-topology",
          "isis-link-attributes": {
            "-xmlns": "urn:TBD:params:xml:ns:yang:network:isis-topology",
            "ted": {
              "max-link-bandwidth": "1250000.0",
              "unreserved-bandwidth": [
                {
                  "priority": "7",
                  "bandwidth": "12500.0"
                },
                {
                  "priority": "6",
                  "bandwidth": "12500.0"
                },
                {
                  "priority": "3",
                  "bandwidth": "12500.0"
                },
                {
                  "priority": "2",
                  "bandwidth": "12500.0"
                },
                {
                  "priority": "5",
                  "bandwidth": "12500.0"
                },
                {
                  "priority": "4",
                  "bandwidth": "12500.0"
                },
                {
                  "priority": "1",
                  "bandwidth": "12500.0"
                },
                {
                  "priority": "0",
                  "bandwidth": "12500.0"
                }
              ],
              "max-resv-link-bandwidth": "12500.0",
              "te-default-metric": "10",
              "color": "0"
            }
          },
          "metric": "10"
        },
        "source": {
          "source-tp": "bgpls://IsisLevel2:0/type=tp&ipv4=53.0.0.26",
          "source-node": "bgpls://IsisLevel2:0/type=node&as=65504&domain=505290270&router=0000.0000.0026"
        }
      },
      {
        "link-id": "bgpls://IsisLevel2:0/type=link&local-as=65504&local-domain=505290270&local-router=0000.0000.0027&remote-as=65504&remote-domain=505290270&remote-router=0000.0000.0022&ipv4-iface=48.0.0.27&ipv4-neigh=48.0.0.22",
        "destination": {
          "dest-node": "bgpls://IsisLevel2:0/type=node&as=65504&domain=505290270&router=0000.0000.0022",
          "dest-tp": "bgpls://IsisLevel2:0/type=tp&ipv4=48.0.0.22"
        },
        "igp-link-attributes": {
          "-xmlns": "urn:TBD:params:xml:ns:yang:nt:l3-unicast-igp-topology",
          "isis-link-attributes": {
            "-xmlns": "urn:TBD:params:xml:ns:yang:network:isis-topology",
            "ted": {
              "max-link-bandwidth": "1250000.0",
              "unreserved-bandwidth": [
                {
                  "priority": "7",
                  "bandwidth": "12500.0"
                },
                {
                  "priority": "6",
                  "bandwidth": "12500.0"
                },
                {
                  "priority": "3",
                  "bandwidth": "12500.0"
                },
                {
                  "priority": "2",
                  "bandwidth": "12500.0"
                },
                {
                  "priority": "5",
                  "bandwidth": "12500.0"
                },
                {
                  "priority": "4",
                  "bandwidth": "12500.0"
                },
                {
                  "priority": "1",
                  "bandwidth": "12500.0"
                },
                {
                  "priority": "0",
                  "bandwidth": "12500.0"
                }
              ],
              "max-resv-link-bandwidth": "12500.0",
              "te-default-metric": "10",
              "color": "0"
            }
          },
          "metric": "10"
        },
        "source": {
          "source-tp": "bgpls://IsisLevel2:0/type=tp&ipv4=48.0.0.27",
          "source-node": "bgpls://IsisLevel2:0/type=node&as=65504&domain=505290270&router=0000.0000.0027"
        }
      },
      {
        "link-id": "bgpls://IsisLevel2:0/type=link&local-as=65504&local-domain=505290270&local-router=0000.0000.0026&remote-as=65504&remote-domain=505290270&remote-router=0000.0000.0029&ipv4-iface=54.0.0.26&ipv4-neigh=54.0.0.29",
        "destination": {
          "dest-node": "bgpls://IsisLevel2:0/type=node&as=65504&domain=505290270&router=0000.0000.0029",
          "dest-tp": "bgpls://IsisLevel2:0/type=tp&ipv4=54.0.0.29"
        },
        "igp-link-attributes": {
          "-xmlns": "urn:TBD:params:xml:ns:yang:nt:l3-unicast-igp-topology",
          "isis-link-attributes": {
            "-xmlns": "urn:TBD:params:xml:ns:yang:network:isis-topology",
            "ted": {
              "max-link-bandwidth": "1250000.0",
              "unreserved-bandwidth": [
                {
                  "priority": "7",
                  "bandwidth": "12500.0"
                },
                {
                  "priority": "6",
                  "bandwidth": "12500.0"
                },
                {
                  "priority": "3",
                  "bandwidth": "12500.0"
                },
                {
                  "priority": "2",
                  "bandwidth": "12500.0"
                },
                {
                  "priority": "5",
                  "bandwidth": "12500.0"
                },
                {
                  "priority": "4",
                  "bandwidth": "12500.0"
                },
                {
                  "priority": "1",
                  "bandwidth": "12500.0"
                },
                {
                  "priority": "0",
                  "bandwidth": "12500.0"
                }
              ],
              "max-resv-link-bandwidth": "12500.0",
              "te-default-metric": "10",
              "color": "0"
            }
          },
          "metric": "10"
        },
        "source": {
          "source-tp": "bgpls://IsisLevel2:0/type=tp&ipv4=54.0.0.26",
          "source-node": "bgpls://IsisLevel2:0/type=node&as=65504&domain=505290270&router=0000.0000.0026"
        }
      },
      {
        "link-id": "bgpls://IsisLevel2:0/type=link&local-as=65504&local-domain=505290270&local-router=0000.0000.0028&remote-as=65504&remote-domain=505290270&remote-router=0000.0000.0030&ipv4-iface=55.0.0.28&ipv4-neigh=55.0.0.30",
        "destination": {
          "dest-node": "bgpls://IsisLevel2:0/type=node&as=65504&domain=505290270&router=0000.0000.0030",
          "dest-tp": "bgpls://IsisLevel2:0/type=tp&ipv4=55.0.0.30"
        },
        "igp-link-attributes": {
          "-xmlns": "urn:TBD:params:xml:ns:yang:nt:l3-unicast-igp-topology",
          "isis-link-attributes": {
            "-xmlns": "urn:TBD:params:xml:ns:yang:network:isis-topology",
            "ted": {
              "max-link-bandwidth": "1250000.0",
              "unreserved-bandwidth": [
                {
                  "priority": "7",
                  "bandwidth": "12500.0"
                },
                {
                  "priority": "6",
                  "bandwidth": "12500.0"
                },
                {
                  "priority": "3",
                  "bandwidth": "12500.0"
                },
                {
                  "priority": "2",
                  "bandwidth": "12500.0"
                },
                {
                  "priority": "5",
                  "bandwidth": "12500.0"
                },
                {
                  "priority": "4",
                  "bandwidth": "12500.0"
                },
                {
                  "priority": "1",
                  "bandwidth": "12500.0"
                },
                {
                  "priority": "0",
                  "bandwidth": "12500.0"
                }
              ],
              "max-resv-link-bandwidth": "12500.0",
              "te-default-metric": "400",
              "color": "0"
            }
          },
          "metric": "400"
        },
        "source": {
          "source-tp": "bgpls://IsisLevel2:0/type=tp&ipv4=55.0.0.28",
          "source-node": "bgpls://IsisLevel2:0/type=node&as=65504&domain=505290270&router=0000.0000.0028"
        }
      },
      {
        "link-id": "bgpls://IsisLevel2:0/type=link&local-as=65504&local-domain=505290270&local-router=0000.0000.0028&remote-as=65504&remote-domain=505290270&remote-router=0000.0000.0026&ipv4-iface=53.0.0.28&ipv4-neigh=53.0.0.26",
        "destination": {
          "dest-node": "bgpls://IsisLevel2:0/type=node&as=65504&domain=505290270&router=0000.0000.0026",
          "dest-tp": "bgpls://IsisLevel2:0/type=tp&ipv4=53.0.0.26"
        },
        "igp-link-attributes": {
          "-xmlns": "urn:TBD:params:xml:ns:yang:nt:l3-unicast-igp-topology",
          "isis-link-attributes": {
            "-xmlns": "urn:TBD:params:xml:ns:yang:network:isis-topology",
            "ted": {
              "max-link-bandwidth": "1250000.0",
              "unreserved-bandwidth": [
                {
                  "priority": "7",
                  "bandwidth": "12500.0"
                },
                {
                  "priority": "6",
                  "bandwidth": "12500.0"
                },
                {
                  "priority": "3",
                  "bandwidth": "12500.0"
                },
                {
                  "priority": "2",
                  "bandwidth": "12500.0"
                },
                {
                  "priority": "5",
                  "bandwidth": "12500.0"
                },
                {
                  "priority": "4",
                  "bandwidth": "12500.0"
                },
                {
                  "priority": "1",
                  "bandwidth": "12500.0"
                },
                {
                  "priority": "0",
                  "bandwidth": "12500.0"
                }
              ],
              "max-resv-link-bandwidth": "12500.0",
              "te-default-metric": "10",
              "color": "0"
            }
          },
          "metric": "10"
        },
        "source": {
          "source-tp": "bgpls://IsisLevel2:0/type=tp&ipv4=53.0.0.28",
          "source-node": "bgpls://IsisLevel2:0/type=node&as=65504&domain=505290270&router=0000.0000.0028"
        }
      },
      {
        "link-id": "bgpls://IsisLevel2:0/type=link&local-as=65504&local-domain=505290270&local-router=0000.0000.0029&remote-as=65504&remote-domain=505290270&remote-router=0000.0000.0030&ipv4-iface=56.0.0.29&ipv4-neigh=56.0.0.30",
        "destination": {
          "dest-node": "bgpls://IsisLevel2:0/type=node&as=65504&domain=505290270&router=0000.0000.0030",
          "dest-tp": "bgpls://IsisLevel2:0/type=tp&ipv4=56.0.0.30"
        },
        "igp-link-attributes": {
          "-xmlns": "urn:TBD:params:xml:ns:yang:nt:l3-unicast-igp-topology",
          "isis-link-attributes": {
            "-xmlns": "urn:TBD:params:xml:ns:yang:network:isis-topology",
            "ted": {
              "max-link-bandwidth": "1250000.0",
              "unreserved-bandwidth": [
                {
                  "priority": "7",
                  "bandwidth": "12500.0"
                },
                {
                  "priority": "6",
                  "bandwidth": "12500.0"
                },
                {
                  "priority": "3",
                  "bandwidth": "12500.0"
                },
                {
                  "priority": "2",
                  "bandwidth": "12500.0"
                },
                {
                  "priority": "5",
                  "bandwidth": "12500.0"
                },
                {
                  "priority": "4",
                  "bandwidth": "12500.0"
                },
                {
                  "priority": "1",
                  "bandwidth": "12500.0"
                },
                {
                  "priority": "0",
                  "bandwidth": "12500.0"
                }
              ],
              "max-resv-link-bandwidth": "12500.0",
              "te-default-metric": "500",
              "color": "0"
            }
          },
          "metric": "500"
        },
        "source": {
          "source-tp": "bgpls://IsisLevel2:0/type=tp&ipv4=56.0.0.29",
          "source-node": "bgpls://IsisLevel2:0/type=node&as=65504&domain=505290270&router=0000.0000.0029"
        }
      },
      {
        "link-id": "bgpls://IsisLevel2:0/type=link&local-as=65504&local-domain=505290270&local-router=0000.0000.0024&remote-as=65504&remote-domain=505290270&remote-router=0000.0000.0030&ipv4-iface=57.0.0.24&ipv4-neigh=57.0.0.30",
        "destination": {
          "dest-node": "bgpls://IsisLevel2:0/type=node&as=65504&domain=505290270&router=0000.0000.0030",
          "dest-tp": "bgpls://IsisLevel2:0/type=tp&ipv4=57.0.0.30"
        },
        "igp-link-attributes": {
          "-xmlns": "urn:TBD:params:xml:ns:yang:nt:l3-unicast-igp-topology",
          "isis-link-attributes": {
            "-xmlns": "urn:TBD:params:xml:ns:yang:network:isis-topology",
            "ted": {
              "max-link-bandwidth": "1.25E+8",
              "unreserved-bandwidth": [
                {
                  "priority": "7",
                  "bandwidth": "12500.0"
                },
                {
                  "priority": "6",
                  "bandwidth": "12500.0"
                },
                {
                  "priority": "3",
                  "bandwidth": "12500.0"
                },
                {
                  "priority": "2",
                  "bandwidth": "12500.0"
                },
                {
                  "priority": "5",
                  "bandwidth": "12500.0"
                },
                {
                  "priority": "4",
                  "bandwidth": "12500.0"
                },
                {
                  "priority": "1",
                  "bandwidth": "12500.0"
                },
                {
                  "priority": "0",
                  "bandwidth": "12500.0"
                }
              ],
              "max-resv-link-bandwidth": "12500.0",
              "te-default-metric": "100",
              "color": "0"
            }
          },
          "metric": "100"
        },
        "source": {
          "source-tp": "bgpls://IsisLevel2:0/type=tp&ipv4=57.0.0.24",
          "source-node": "bgpls://IsisLevel2:0/type=node&as=65504&domain=505290270&router=0000.0000.0024"
        }
      },
      {
        "link-id": "bgpls://IsisLevel2:0/type=link&local-as=65504&local-domain=505290270&local-router=0000.0000.0024&remote-as=65504&remote-domain=505290270&remote-router=0000.0000.0021&ipv4-iface=44.0.0.24&ipv4-neigh=44.0.0.21",
        "destination": {
          "dest-node": "bgpls://IsisLevel2:0/type=node&as=65504&domain=505290270&router=0000.0000.0021",
          "dest-tp": "bgpls://IsisLevel2:0/type=tp&ipv4=44.0.0.21"
        },
        "igp-link-attributes": {
          "-xmlns": "urn:TBD:params:xml:ns:yang:nt:l3-unicast-igp-topology",
          "isis-link-attributes": {
            "-xmlns": "urn:TBD:params:xml:ns:yang:network:isis-topology",
            "ted": {
              "max-link-bandwidth": "1250000.0",
              "unreserved-bandwidth": [
                {
                  "priority": "7",
                  "bandwidth": "12500.0"
                },
                {
                  "priority": "6",
                  "bandwidth": "12500.0"
                },
                {
                  "priority": "3",
                  "bandwidth": "12500.0"
                },
                {
                  "priority": "2",
                  "bandwidth": "12500.0"
                },
                {
                  "priority": "5",
                  "bandwidth": "12500.0"
                },
                {
                  "priority": "4",
                  "bandwidth": "12500.0"
                },
                {
                  "priority": "1",
                  "bandwidth": "12500.0"
                },
                {
                  "priority": "0",
                  "bandwidth": "12500.0"
                }
              ],
              "max-resv-link-bandwidth": "12500.0",
              "te-default-metric": "10",
              "color": "0"
            }
          },
          "metric": "10"
        },
        "source": {
          "source-tp": "bgpls://IsisLevel2:0/type=tp&ipv4=44.0.0.24",
          "source-node": "bgpls://IsisLevel2:0/type=node&as=65504&domain=505290270&router=0000.0000.0024"
        }
      },
      {
        "link-id": "bgpls://IsisLevel2:0/type=link&local-as=65504&local-domain=505290270&local-router=0000.0000.0021&remote-as=65504&remote-domain=505290270&remote-router=0000.0000.0027&ipv4-iface=45.0.0.21&ipv4-neigh=45.0.0.27",
        "destination": {
          "dest-node": "bgpls://IsisLevel2:0/type=node&as=65504&domain=505290270&router=0000.0000.0027",
          "dest-tp": "bgpls://IsisLevel2:0/type=tp&ipv4=45.0.0.27"
        },
        "igp-link-attributes": {
          "-xmlns": "urn:TBD:params:xml:ns:yang:nt:l3-unicast-igp-topology",
          "isis-link-attributes": {
            "-xmlns": "urn:TBD:params:xml:ns:yang:network:isis-topology",
            "ted": {
              "max-link-bandwidth": "1250000.0",
              "unreserved-bandwidth": [
                {
                  "priority": "7",
                  "bandwidth": "12500.0"
                },
                {
                  "priority": "6",
                  "bandwidth": "12500.0"
                },
                {
                  "priority": "3",
                  "bandwidth": "12500.0"
                },
                {
                  "priority": "2",
                  "bandwidth": "12500.0"
                },
                {
                  "priority": "5",
                  "bandwidth": "12500.0"
                },
                {
                  "priority": "4",
                  "bandwidth": "12500.0"
                },
                {
                  "priority": "1",
                  "bandwidth": "12500.0"
                },
                {
                  "priority": "0",
                  "bandwidth": "12500.0"
                }
              ],
              "max-resv-link-bandwidth": "12500.0",
              "te-default-metric": "10",
              "color": "0"
            }
          },
          "metric": "10"
        },
        "source": {
          "source-tp": "bgpls://IsisLevel2:0/type=tp&ipv4=45.0.0.21",
          "source-node": "bgpls://IsisLevel2:0/type=node&as=65504&domain=505290270&router=0000.0000.0021"
        }
      },
      {
        "link-id": "bgpls://IsisLevel2:0/type=link&local-as=65504&local-domain=505290270&local-router=0000.0000.0030&remote-as=65504&remote-domain=505290270&remote-router=0000.0000.0029&ipv4-iface=56.0.0.30&ipv4-neigh=56.0.0.29",
        "destination": {
          "dest-node": "bgpls://IsisLevel2:0/type=node&as=65504&domain=505290270&router=0000.0000.0029",
          "dest-tp": "bgpls://IsisLevel2:0/type=tp&ipv4=56.0.0.29"
        },
        "igp-link-attributes": {
          "-xmlns": "urn:TBD:params:xml:ns:yang:nt:l3-unicast-igp-topology",
          "isis-link-attributes": {
            "-xmlns": "urn:TBD:params:xml:ns:yang:network:isis-topology",
            "ted": {
              "max-link-bandwidth": "1250000.0",
              "unreserved-bandwidth": [
                {
                  "priority": "7",
                  "bandwidth": "12500.0"
                },
                {
                  "priority": "6",
                  "bandwidth": "12500.0"
                },
                {
                  "priority": "3",
                  "bandwidth": "12500.0"
                },
                {
                  "priority": "2",
                  "bandwidth": "12500.0"
                },
                {
                  "priority": "5",
                  "bandwidth": "12500.0"
                },
                {
                  "priority": "4",
                  "bandwidth": "12500.0"
                },
                {
                  "priority": "1",
                  "bandwidth": "12500.0"
                },
                {
                  "priority": "0",
                  "bandwidth": "12500.0"
                }
              ],
              "max-resv-link-bandwidth": "12500.0",
              "te-default-metric": "500",
              "color": "0"
            }
          },
          "metric": "500"
        },
        "source": {
          "source-tp": "bgpls://IsisLevel2:0/type=tp&ipv4=56.0.0.30",
          "source-node": "bgpls://IsisLevel2:0/type=node&as=65504&domain=505290270&router=0000.0000.0030"
        }
      },
      {
        "link-id": "bgpls://IsisLevel2:0/type=link&local-as=65504&local-domain=505290270&local-router=0000.0000.0030&remote-as=65504&remote-domain=505290270&remote-router=0000.0000.0024&ipv4-iface=57.0.0.30&ipv4-neigh=57.0.0.24",
        "destination": {
          "dest-node": "bgpls://IsisLevel2:0/type=node&as=65504&domain=505290270&router=0000.0000.0024",
          "dest-tp": "bgpls://IsisLevel2:0/type=tp&ipv4=57.0.0.24"
        },
        "igp-link-attributes": {
          "-xmlns": "urn:TBD:params:xml:ns:yang:nt:l3-unicast-igp-topology",
          "isis-link-attributes": {
            "-xmlns": "urn:TBD:params:xml:ns:yang:network:isis-topology",
            "ted": {
              "max-link-bandwidth": "1.25E+8",
              "unreserved-bandwidth": [
                {
                  "priority": "7",
                  "bandwidth": "12500.0"
                },
                {
                  "priority": "6",
                  "bandwidth": "12500.0"
                },
                {
                  "priority": "3",
                  "bandwidth": "12500.0"
                },
                {
                  "priority": "2",
                  "bandwidth": "12500.0"
                },
                {
                  "priority": "5",
                  "bandwidth": "12500.0"
                },
                {
                  "priority": "4",
                  "bandwidth": "12500.0"
                },
                {
                  "priority": "1",
                  "bandwidth": "12500.0"
                },
                {
                  "priority": "0",
                  "bandwidth": "12500.0"
                }
              ],
              "max-resv-link-bandwidth": "12500.0",
              "te-default-metric": "100",
              "color": "0"
            }
          },
          "metric": "100"
        },
        "source": {
          "source-tp": "bgpls://IsisLevel2:0/type=tp&ipv4=57.0.0.30",
          "source-node": "bgpls://IsisLevel2:0/type=node&as=65504&domain=505290270&router=0000.0000.0030"
        }
      },
      {
        "link-id": "bgpls://IsisLevel2:0/type=link&local-as=65504&local-domain=505290270&local-router=0000.0000.0030&remote-as=65504&remote-domain=505290270&remote-router=0000.0000.0028&ipv4-iface=55.0.0.30&ipv4-neigh=55.0.0.28",
        "destination": {
          "dest-node": "bgpls://IsisLevel2:0/type=node&as=65504&domain=505290270&router=0000.0000.0028",
          "dest-tp": "bgpls://IsisLevel2:0/type=tp&ipv4=55.0.0.28"
        },
        "igp-link-attributes": {
          "-xmlns": "urn:TBD:params:xml:ns:yang:nt:l3-unicast-igp-topology",
          "isis-link-attributes": {
            "-xmlns": "urn:TBD:params:xml:ns:yang:network:isis-topology",
            "ted": {
              "max-link-bandwidth": "1250000.0",
              "unreserved-bandwidth": [
                {
                  "priority": "7",
                  "bandwidth": "12500.0"
                },
                {
                  "priority": "6",
                  "bandwidth": "12500.0"
                },
                {
                  "priority": "3",
                  "bandwidth": "12500.0"
                },
                {
                  "priority": "2",
                  "bandwidth": "12500.0"
                },
                {
                  "priority": "5",
                  "bandwidth": "12500.0"
                },
                {
                  "priority": "4",
                  "bandwidth": "12500.0"
                },
                {
                  "priority": "1",
                  "bandwidth": "12500.0"
                },
                {
                  "priority": "0",
                  "bandwidth": "12500.0"
                }
              ],
              "max-resv-link-bandwidth": "12500.0",
              "te-default-metric": "400",
              "color": "0"
            }
          },
          "metric": "400"
        },
        "source": {
          "source-tp": "bgpls://IsisLevel2:0/type=tp&ipv4=55.0.0.30",
          "source-node": "bgpls://IsisLevel2:0/type=node&as=65504&domain=505290270&router=0000.0000.0030"
        }
      }
    ],
    "node": [
      {
        "node-id": "bgpls://IsisLevel2:0/type=node&as=65504&domain=505290270&router=0000.0000.0029",
        "termination-point": [
          {
            "tp-id": "bgpls://IsisLevel2:0/type=tp&ipv4=54.0.0.29",
            "igp-termination-point-attributes": { "-xmlns": "urn:TBD:params:xml:ns:yang:nt:l3-unicast-igp-topology" }
          },
          {
            "tp-id": "bgpls://IsisLevel2:0/type=tp&ipv4=56.0.0.29",
            "igp-termination-point-attributes": { "-xmlns": "urn:TBD:params:xml:ns:yang:nt:l3-unicast-igp-topology" }
          }
        ],
        "igp-node-attributes": {
          "-xmlns": "urn:TBD:params:xml:ns:yang:nt:l3-unicast-igp-topology",
          "router-id": "29.29.29.29",
          "name": "sfc",
          "prefix": [
            {
              "prefix": "56.0.0.0/24",
              "metric": "500"
            },
            {
              "prefix": "11.11.7.0/24",
              "metric": "0"
            },
            {
              "prefix": "198.18.128.0/18",
              "metric": "0"
            },
            {
              "prefix": "10.16.0.0/16",
              "metric": "0"
            },
            {
              "prefix": "29.29.29.29/32",
              "metric": "10"
            },
            {
              "prefix": "54.0.0.0/24",
              "metric": "10"
            }
          ],
          "isis-node-attributes": {
            "-xmlns": "urn:TBD:params:xml:ns:yang:network:isis-topology",
            "iso": { "iso-system-id": "0000.0000.0029" },
            "ted": { "te-router-id-ipv4": "29.29.29.29" }
          }
        }
      },
      {
        "node-id": "bgpls://IsisLevel2:0/type=node&as=65504&domain=505290270&router=0000.0000.0026",
        "termination-point": [
          {
            "tp-id": "bgpls://IsisLevel2:0/type=tp&ipv4=54.0.0.26",
            "igp-termination-point-attributes": { "-xmlns": "urn:TBD:params:xml:ns:yang:nt:l3-unicast-igp-topology" }
          },
          {
            "tp-id": "bgpls://IsisLevel2:0/type=tp&ipv4=53.0.0.26",
            "igp-termination-point-attributes": { "-xmlns": "urn:TBD:params:xml:ns:yang:nt:l3-unicast-igp-topology" }
          }
        ],
        "igp-node-attributes": {
          "-xmlns": "urn:TBD:params:xml:ns:yang:nt:l3-unicast-igp-topology",
          "router-id": "26.26.26.26",
          "name": "por",
          "prefix": [
            {
              "prefix": "11.11.4.0/24",
              "metric": "0"
            },
            {
              "prefix": "198.18.128.0/18",
              "metric": "0"
            },
            {
              "prefix": "10.16.0.0/16",
              "metric": "0"
            },
            {
              "prefix": "53.0.0.0/24",
              "metric": "10"
            },
            {
              "prefix": "26.26.26.26/32",
              "metric": "10"
            },
            {
              "prefix": "54.0.0.0/24",
              "metric": "10"
            }
          ],
          "isis-node-attributes": {
            "-xmlns": "urn:TBD:params:xml:ns:yang:network:isis-topology",
            "iso": { "iso-system-id": "0000.0000.0026" },
            "ted": { "te-router-id-ipv4": "26.26.26.26" }
          }
        }
      },
      {
        "node-id": "bgpls://IsisLevel2:0/type=node&as=65504&domain=505290270&router=0000.0000.0028",
        "termination-point": [
          {
            "tp-id": "bgpls://IsisLevel2:0/type=tp&ipv4=51.0.0.28",
            "igp-termination-point-attributes": { "-xmlns": "urn:TBD:params:xml:ns:yang:nt:l3-unicast-igp-topology" }
          },
          {
            "tp-id": "bgpls://IsisLevel2:0/type=tp&ipv4=53.0.0.28",
            "igp-termination-point-attributes": { "-xmlns": "urn:TBD:params:xml:ns:yang:nt:l3-unicast-igp-topology" }
          },
          {
            "tp-id": "bgpls://IsisLevel2:0/type=tp&ipv4=55.0.0.28",
            "igp-termination-point-attributes": { "-xmlns": "urn:TBD:params:xml:ns:yang:nt:l3-unicast-igp-topology" }
          }
        ],
        "igp-node-attributes": {
          "-xmlns": "urn:TBD:params:xml:ns:yang:nt:l3-unicast-igp-topology",
          "router-id": "28.28.28.28",
          "name": "sea",
          "prefix": [
            {
              "prefix": "11.11.6.0/24",
              "metric": "0"
            },
            {
              "prefix": "10.16.0.0/16",
              "metric": "0"
            },
            {
              "prefix": "53.0.0.0/24",
              "metric": "10"
            },
            {
              "prefix": "198.18.128.0/18",
              "metric": "0"
            },
            {
              "prefix": "51.0.0.0/24",
              "metric": "10"
            },
            {
              "prefix": "55.0.0.0/24",
              "metric": "400"
            },
            {
              "prefix": "28.28.28.28/32",
              "metric": "10"
            }
          ],
          "isis-node-attributes": {
            "-xmlns": "urn:TBD:params:xml:ns:yang:network:isis-topology",
            "iso": { "iso-system-id": "0000.0000.0028" },
            "ted": { "te-router-id-ipv4": "28.28.28.28" }
          }
        }
      },
      {
        "node-id": "bgpls://IsisLevel2:0/type=node&as=65504&domain=505290270&router=0000.0000.0027",
        "termination-point": [
          {
            "tp-id": "bgpls://IsisLevel2:0/type=tp&ipv4=45.0.0.27",
            "igp-termination-point-attributes": { "-xmlns": "urn:TBD:params:xml:ns:yang:nt:l3-unicast-igp-topology" }
          },
          {
            "tp-id": "bgpls://IsisLevel2:0/type=tp&ipv4=48.0.0.27",
            "igp-termination-point-attributes": { "-xmlns": "urn:TBD:params:xml:ns:yang:nt:l3-unicast-igp-topology" }
          }
        ],
        "igp-node-attributes": {
          "-xmlns": "urn:TBD:params:xml:ns:yang:nt:l3-unicast-igp-topology",
          "router-id": "27.27.27.27",
          "name": "san",
          "prefix": [
            {
              "prefix": "10.16.0.0/16",
              "metric": "0"
            },
            {
              "prefix": "48.0.0.0/24",
              "metric": "10"
            },
            {
              "prefix": "43.0.0.0/24",
              "metric": "10"
            },
            {
              "prefix": "198.18.128.0/18",
              "metric": "0"
            },
            {
              "prefix": "45.0.0.0/24",
              "metric": "10"
            },
            {
              "prefix": "27.27.27.27/32",
              "metric": "10"
            },
            {
              "prefix": "11.11.5.0/24",
              "metric": "0"
            }
          ],
          "isis-node-attributes": {
            "-xmlns": "urn:TBD:params:xml:ns:yang:network:isis-topology",
            "iso": { "iso-system-id": "0000.0000.0027" },
            "ted": { "te-router-id-ipv4": "27.27.27.27" }
          }
        }
      },
      {
        "node-id": "bgpls://IsisLevel2:0/type=node&as=65504&domain=505290270&router=0000.0000.0022",
        "termination-point": [
          {
            "tp-id": "bgpls://IsisLevel2:0/type=tp&ipv4=49.0.0.22",
            "igp-termination-point-attributes": { "-xmlns": "urn:TBD:params:xml:ns:yang:nt:l3-unicast-igp-topology" }
          },
          {
            "tp-id": "bgpls://IsisLevel2:0/type=tp&ipv4=48.0.0.22",
            "igp-termination-point-attributes": { "-xmlns": "urn:TBD:params:xml:ns:yang:nt:l3-unicast-igp-topology" }
          },
          {
            "tp-id": "bgpls://IsisLevel2:0/type=tp&ipv4=58.0.0.22",
            "igp-termination-point-attributes": { "-xmlns": "urn:TBD:params:xml:ns:yang:nt:l3-unicast-igp-topology" }
          }
        ],
        "igp-node-attributes": {
          "-xmlns": "urn:TBD:params:xml:ns:yang:nt:l3-unicast-igp-topology",
          "router-id": "22.22.22.22",
          "name": "lax",
          "prefix": [
            {
              "prefix": "49.0.0.0/24",
              "metric": "300"
            },
            {
              "prefix": "58.0.0.0/24",
              "metric": "10"
            },
            {
              "prefix": "10.16.0.0/16",
              "metric": "0"
            },
            {
              "prefix": "48.0.0.0/24",
              "metric": "10"
            },
            {
              "prefix": "198.18.128.0/18",
              "metric": "0"
            },
            {
              "prefix": "11.11.2.0/24",
              "metric": "0"
            },
            {
              "prefix": "22.22.22.22/32",
              "metric": "10"
            }
          ],
          "isis-node-attributes": {
            "-xmlns": "urn:TBD:params:xml:ns:yang:network:isis-topology",
            "iso": { "iso-system-id": "0000.0000.0022" },
            "ted": { "te-router-id-ipv4": "22.22.22.22" }
          }
        }
      },
      {
        "node-id": "bgpls://IsisLevel2:0/type=node&as=65504&domain=505290270&router=0000.0000.0021",
        "termination-point": [
          {
            "tp-id": "bgpls://IsisLevel2:0/type=tp&ipv4=44.0.0.21",
            "igp-termination-point-attributes": { "-xmlns": "urn:TBD:params:xml:ns:yang:nt:l3-unicast-igp-topology" }
          },
          {
            "tp-id": "bgpls://IsisLevel2:0/type=tp&ipv4=46.0.0.21",
            "igp-termination-point-attributes": { "-xmlns": "urn:TBD:params:xml:ns:yang:nt:l3-unicast-igp-topology" }
          },
          {
            "tp-id": "bgpls://IsisLevel2:0/type=tp&ipv4=45.0.0.21",
            "igp-termination-point-attributes": { "-xmlns": "urn:TBD:params:xml:ns:yang:nt:l3-unicast-igp-topology" }
          },
          {
            "tp-id": "bgpls://IsisLevel2:0/type=tp&ipv4=58.0.0.21",
            "igp-termination-point-attributes": { "-xmlns": "urn:TBD:params:xml:ns:yang:nt:l3-unicast-igp-topology" }
          }
        ],
        "igp-node-attributes": {
          "-xmlns": "urn:TBD:params:xml:ns:yang:nt:l3-unicast-igp-topology",
          "router-id": "21.21.21.21",
          "name": "kcy",
          "prefix": [
            {
              "prefix": "58.0.0.0/24",
              "metric": "10"
            },
            {
              "prefix": "42.0.0.0/24",
              "metric": "10"
            },
            {
              "prefix": "10.16.0.0/16",
              "metric": "0"
            },
            {
              "prefix": "11.11.1.0/24",
              "metric": "0"
            },
            {
              "prefix": "47.0.0.0/24",
              "metric": "10"
            },
            {
              "prefix": "198.18.128.0/18",
              "metric": "0"
            },
            {
              "prefix": "21.21.21.21/32",
              "metric": "10"
            },
            {
              "prefix": "45.0.0.0/24",
              "metric": "10"
            },
            {
              "prefix": "46.0.0.0/24",
              "metric": "200"
            },
            {
              "prefix": "44.0.0.0/24",
              "metric": "10"
            },
            {
              "prefix": "39.0.0.0/24",
              "metric": "10"
            }
          ],
          "isis-node-attributes": {
            "-xmlns": "urn:TBD:params:xml:ns:yang:network:isis-topology",
            "iso": { "iso-system-id": "0000.0000.0021" },
            "ted": { "te-router-id-ipv4": "21.21.21.21" }
          }
        }
      },
      {
        "node-id": "bgpls://IsisLevel2:0/type=node&as=65504&domain=505290270&router=0000.0000.0024",
        "termination-point": [
          {
            "tp-id": "bgpls://IsisLevel2:0/type=tp&ipv4=57.0.0.24",
            "igp-termination-point-attributes": { "-xmlns": "urn:TBD:params:xml:ns:yang:nt:l3-unicast-igp-topology" }
          },
          {
            "tp-id": "bgpls://IsisLevel2:0/type=tp&ipv4=51.0.0.24",
            "igp-termination-point-attributes": { "-xmlns": "urn:TBD:params:xml:ns:yang:nt:l3-unicast-igp-topology" }
          },
          {
            "tp-id": "bgpls://IsisLevel2:0/type=tp&ipv4=44.0.0.24",
            "igp-termination-point-attributes": { "-xmlns": "urn:TBD:params:xml:ns:yang:nt:l3-unicast-igp-topology" }
          }
        ],
        "igp-node-attributes": {
          "-xmlns": "urn:TBD:params:xml:ns:yang:nt:l3-unicast-igp-topology",
          "router-id": "24.24.24.24",
          "name": "min",
          "prefix": [
            {
              "prefix": "40.0.0.0/24",
              "metric": "10"
            },
            {
              "prefix": "10.16.0.0/16",
              "metric": "0"
            },
            {
              "prefix": "11.11.3.0/24",
              "metric": "0"
            },
            {
              "prefix": "24.24.24.24/32",
              "metric": "10"
            },
            {
              "prefix": "57.0.0.0/24",
              "metric": "100"
            },
            {
              "prefix": "198.18.128.0/18",
              "metric": "0"
            },
            {
              "prefix": "51.0.0.0/24",
              "metric": "10"
            },
            {
              "prefix": "44.0.0.0/24",
              "metric": "10"
            }
          ],
          "isis-node-attributes": {
            "-xmlns": "urn:TBD:params:xml:ns:yang:network:isis-topology",
            "iso": { "iso-system-id": "0000.0000.0024" },
            "ted": { "te-router-id-ipv4": "24.24.24.24" }
          }
        }
      },
      {
        "node-id": "bgpls://IsisLevel2:0/type=node&as=65504&domain=505290270&router=0000.0000.0030",
        "termination-point": [
          {
            "tp-id": "bgpls://IsisLevel2:0/type=tp&ipv4=56.0.0.30",
            "igp-termination-point-attributes": { "-xmlns": "urn:TBD:params:xml:ns:yang:nt:l3-unicast-igp-topology" }
          },
          {
            "tp-id": "bgpls://IsisLevel2:0/type=tp&ipv4=55.0.0.30",
            "igp-termination-point-attributes": { "-xmlns": "urn:TBD:params:xml:ns:yang:nt:l3-unicast-igp-topology" }
          },
          {
            "tp-id": "bgpls://IsisLevel2:0/type=tp&ipv4=46.0.0.30",
            "igp-termination-point-attributes": { "-xmlns": "urn:TBD:params:xml:ns:yang:nt:l3-unicast-igp-topology" }
          },
          {
            "tp-id": "bgpls://IsisLevel2:0/type=tp&ipv4=49.0.0.30",
            "igp-termination-point-attributes": { "-xmlns": "urn:TBD:params:xml:ns:yang:nt:l3-unicast-igp-topology" }
          },
          {
            "tp-id": "bgpls://IsisLevel2:0/type=tp&ipv4=57.0.0.30",
            "igp-termination-point-attributes": { "-xmlns": "urn:TBD:params:xml:ns:yang:nt:l3-unicast-igp-topology" }
          }
        ],
        "igp-node-attributes": {
          "-xmlns": "urn:TBD:params:xml:ns:yang:nt:l3-unicast-igp-topology",
          "router-id": "30.30.30.30",
          "name": "sjc",
          "prefix": [
            {
              "prefix": "56.0.0.0/24",
              "metric": "500"
            },
            {
              "prefix": "49.0.0.0/24",
              "metric": "300"
            },
            {
              "prefix": "10.16.0.0/16",
              "metric": "0"
            },
            {
              "prefix": "57.0.0.0/24",
              "metric": "100"
            },
            {
              "prefix": "198.18.128.0/18",
              "metric": "0"
            },
            {
              "prefix": "46.0.0.0/24",
              "metric": "200"
            },
            {
              "prefix": "11.11.8.0/24",
              "metric": "0"
            },
            {
              "prefix": "55.0.0.0/24",
              "metric": "400"
            },
            {
              "prefix": "30.30.30.30/32",
              "metric": "10"
            }
          ],
          "isis-node-attributes": {
            "-xmlns": "urn:TBD:params:xml:ns:yang:network:isis-topology",
            "iso": { "iso-system-id": "0000.0000.0030" },
            "ted": { "te-router-id-ipv4": "30.30.30.30" }
          }
        }
      }
    ],
    "server-provided": "true"
  }
}